Ticker,Name,ISIN
,5TH PLANET GAMES,DK0060945467
,74SOFTWARE,FR0011040500
,A.B.P. NOCIVELLI,IT0005439861
,AASEN SPAREBANK,NO0010672181
,AATECH,IT0005548521
,AB SCIENCE,FR0010557264
,ABC ARBITRAGE,FR0004040608
,ABC COMPANY,IT0005466294
,ABEO,FR0013185857
,ABG SUNDAL COLLIER HOLDING,NO0003021909
,ABIONYX PHARMA,FR0012616852
,ABITARE IN,IT0005445280
,ABIVAX,FR0012333284
,ABL Diagnostics,FR001400AHX6
,ABL GROUP ASA,NO0010715394
,ABO GROUP ENVIRONMENT,BE0974278104
,ACCENTIS,BE0003696102
,ACE DIGITAL AS,NO0013531616
,Acheter-Louer.fr,FR0014011O84
,ACINQUE,IT0001382024
,ACOMO N.V.,NL0000313286
,ACQUAZZURRA,IT0005443061
,ACTEOS,FR0000076861
,ACTIA GROUP S.A.,FR0000076655
,ACTIVIUM GROUP,FR0010979377
,ADEC INNOVATIONS,NL0015002K91
,ADEUNIS,FR0013284627
,ADOCIA,FR0011184241
,ADOMOS,FR00140153H3
,ADS MARITIME HOLDING PLC,CY0108052115
,ADUX,FR0012821890
,ADVENTURE,IT0005607715
,ADVICENNE,FR0013296746
,ADVINI,FR0000053043
,AEDES,IT0005349052
,AEFFE,IT0001384590
,AELIS FARMA,FR0014007ZB4
,AEROPORTO GUGLIELMO MARCONI DI BOLOGNA,IT0001006128
,AF GRUPPEN,NO0003078107
,AFYREN,FR0014005AC9
,AG3I,FR0011908045
,AGFA-GEVAERT,BE0003755692
,AGILYX ASA,NO0010872468
,AGRIPOWER,FR0013452281
,AgroGeneration,FR0010641449
,AJAX,NL0000018034
,AKASTOR,NO0010215684
,AKER BIOMARINE ASA,NO0010886625
,AKER HORIZONS ASA,NO0010921232
,AKER SOLUTIONS,NO0010716582
,AKOBO MINERALS AB (PUB),SE0015193412
,AKVA GROUP,NO0003097503
,AKWEL,FR0000053027
,ALAN ALLMAN ASSOCIATES,FR0000062465
,ALERION,IT0004720733
,ALFEN,NL0012817175
,ALFIO BARDOLLA,IT0005244030
,ALFONSINO,IT0005466039
,ALLCORE,IT0005461303
,Almunda Professional N.V.,NL0010696704
,ALPES (COMPAGNIE),FR0000053324
,ALTAMIR,FR0000053837
,ALTAREIT,FR0000039216
,ALTEA GREEN POWER,IT0005472730
,ALTHEORA,FR0000061244
,ALTRI SGPS,PTALT0AE0002
,ALUMEXX N.V.,NL0012194724
,ALVEEN,FR0013253812
,AMATHEON AGRI HOLDING N.V.,NL0010273694
,AMBROMOBILIARE,IT0004779515
,AMG Critical Materials N.V.,NL0000888691
,AMOEBA,FR0011051598
,ANDFJORD SALMON GROUP AS,NO0010829765
,"ANDINO INVERSIONES GLOBAL, S.A.",ES0105744009
,ANIMA HOLDING,IT0004998065
,ANTARES VISION,IT0005366601
,ANTIN INFRA PARTN,FR0014005AL0
,APERAM,LU0569974404
,APPEAR ASA,NO0013683821
,AQUA BIO TECHNOLOGY,NO0010307135
,AQUAFIL,IT0005241192
,AQUILA,FR0010340711
,ARAMIS GROUP,FR0014003U94
,ARCHOS,FR001400KO61
,ARCTIC BIOSCIENCE AS,NO0010859580
,ARCTIC FISH HOLDING AS,NO0010917719
,ARCTICZYMES TECHNOLOGIES,NO0010014632
,ARCURE,FR0013398997
,ARDOIN ST AMAND A,FR0005057635
,ARENDALS FOSSEKOMPANI,NO0003572802
,ARISTON HOLDING,NL0015000N33
,ARRIBATEC GROUP ASA,NO0013682948
,ARTEA,FR0012185536
,ARTERRA BIOSCIENCE,IT0005386369
,ARTMARKET.COM(EX ARTPRICE.COM),FR0000074783
,ARTOIS NOM.,FR0000076952
,ARVERNE GROUP,FR001400JWR8
,ASCOPIAVE,IT0004093263
,ASHLER ET MANSON,FR0012968485
,ASSYSTEM,FR0000074148
,ATARI S.A.,FR0010478248
,ATEA,NO0004822503
,ATEME,FR0011992700
,ATENOR,BE0003837540
,ATLANTIC SAPPHIRE,NO0013249896
,ATON,FR0004153930
,ATON GREEN STORAGE,IT0005449464
,ATOS,FR001400X2S4
,AUBAY,FR0000063737
,AUDACIA,FR00140059B5
,AUGROS COSMETICS,FR0000061780
,AUREA,FR0000039232
,AURSKOG SPAREBANK,NO0006001601
,AUSTEVOLL SEAFOOD,NO0010073489
,AUTOSTRADE MERID,IT0000084043
,AVANTIUM,NL0015002IE0
,AVENIR TELECOM,FR001400CFI7
,AVENTADOR,FR001400IV58
,AVIO,IT0005119810
,AWILCO LNG,NO0010607971
,AXACTOR ASA,NO0010840515
,AYFIE INTERNATIONAL AS,NO0012861683
,AZ LEASING,IT0004812258
,AZERION,NL00150006Z9
,AZOREAN AQUATIC TECHNOLOGIES SA,PTAZR0AM0006
,B&C SPEAKERS,IT0001268561
,B.F.,IT0005187460
,B2 Impact ASA,NO0010633951
,BAIKOWSKI,FR0013384369
,BALTIC SEA PROPERTIES,NO0010810476
,BALYO,FR0013258399
,BANCA IFIS,IT0003188064
,BANCA SISTEMA,IT0003173629
,BANIMMO A,BE0003870871
,BANQUP GROUP,BE0974371032
,BARBARA BUI,FR0000062788
,BARCO,BE0974362940
,BASIC-FIT,NL0011872650
,BASICNET,IT0001033700
,BASSAC,FR0004023208
,BASTIDE LE CONFORT,FR0000035370
,BASTOGI SPA,IT0004412497
,BCA POP SONDRIO,IT0000784196
,BCA PROFILO,IT0001073045
,BCO DESIO BRIANZA,IT0001041000
,BEEWIZE,IT0001487047
,BEKAERT,BE0974258874
,BELLINI NAUTICA,IT0005497042
,BELYSSE GROUP NV,BE0974314461
,BENETEAU,FR0000035164
,Benfica SAD,PTSLB0AM0010
,BERGEN CARBON SOLUTIONS AS,NO0010950249
,BERNARD LOISEAU,FR0000066961
,BESTBE HOLDING,IT0005611642
,BEVER HOLDING Gewone aandelen,NL0000285278
,BEWI,NO0010890965
,BFF BANK,IT0005244402
,BIEN SPAREBANK ASA,NO0012706763
,BIESSE,IT0003097257
,BIGBEN INTERACTIVE,FR0000074072
,BILENDI,FR0004174233
,BIO INOX,FR001400UBS7
,BIOPHYTIS,FR001400OLP5
,BIOSENIC,BE0974280126
,BIOSYNEX,FR0011005933
,BIOTALYS NV,BE0974386188
,BIO-UV GROUP,FR0013345493
,BLACK SEA PROPERTY,NO0013685750
,BLUE SHARK POWER,FR0013340973
,BLUELINEA,FR0011041011
,BLUENORD ASA,NO0010379266
,BOA CONCEPT,FR0011365907
,BODY ONE,FR0010106039
,BOIRON,FR0000061129
,BOLOGNAFIERE,IT0003516066
,BONDUELLE,FR0000063935
,BONHEUR,NO0003110603
,BONYF,BE6333353298
,BORGESTAD,NO0013256180
,BORGOSESIA,IT0003217335
,BORREGAARD,NO0010657505
,BOURRELIER GROUP,FR0000054421
,BOURSE DIRECT,FR0000074254
,BOUVET,NO0010360266
,BPOST,BE0974268972
,BQUE NAT. BELGIQUE,BE0003008019
,BRAGA MORO,IT0005640286
,BRIOSCHI,IT0000066180
,BROADPEAK,FR001400AJZ7
,BRUNEL INTERNAT,NL0010776944
,BURELLE,FR0000061137
,BYGGMA,NO0003087603
,CA TOULOUSE 31 CCI,FR0000045544
,CABASSE S.A.,FR001400DIY6
,CABKA,NL00150000S7
,CADELER A/S,DK0061412772
,CAFOM,FR0010151589
,CAIRN HOMES PLC,IE00BWY4ZF18
,CAIRO COMMUNICATION,IT0004329733
,CALEFFI,IT0003025019
,CALIBRE,FR0014004QR6
,CALTAGIRONE,IT0003127930
,CALTAGIRONE EDIT,IT0001472171
,CAMBI ASA,NO0010078850
,CAMPINE,BE0003825420
,CANDELA INVEST,BE0974298300
,CAPITAL B,FR0011053636
,CAPSOL TECHNOLOGIES ASA,NO0010923121
,CARBIOS,FR0011648716
,CARMAT,FR0010907956
,CARVOLIX,FR0013333077
,CASINO GUICHARD,FR001400OKR3
,CASTA DIVA GROUP,IT0005003782
,CATANA GROUP,FR0010193052
,CATERING INTERNATIONAL & SERVICES S.A.,FR0000064446
,CAVENDISH HYDROGEN ASA,NO0013219535
,CBO TERRITORIA,FR0010193979
,CEGEDIM,FR0000053506
,CELLECTIS,FR0010425595
,CELLULARLINE,IT0005244618
,CELYAD ONCOLOGY,BE0974260896
,CEMBRE,IT0001128047
,CEMENTIR HOLDING,NL0013995087
,CENERGY,BE0974303357
,CENTRALE DEL LATTE D'ITALIA,IT0003023980
,CERINNOV GROUP,FR0013178712
,CFE,BE0003883031
,CH.FER DEPARTEMENTAUX,FR0000037871
,CHARWOOD ENERGY S.A.,FR001400AJ60
,CHAUSSERIA,FR0000060907
,Cheops Technology,FR0010447086
,CHOICE NV,BE0974370026
,CIBOX INTER A CTIV,FR0000054322
,CIE BOIS SAUVAGE,BE0003592038
,CIE DU MONT BLANC,FR0000060428
,CIR,IT0000070786
,CIRCIO HOLDING ASA,NO0013033795
,CIRCLE,IT0005344996
,CLABO,IT0005091324
,CLARANOVA,FR0013426004
,CLARIANE SE,FR0010386334
,CLASS EDITORI,IT0005117848
,CLEANBNB,IT0005377277
,CLOUDBERRY CLEAN ENERGY ASA,NO0010876642
,CLOUDIA RESEARCH,IT0005577090
,CM.COM,NL0012747059
,CMG CLEANTECH,FR0013406881
,CO.BR.HA (D),BE0003519270
,CODELAB CAPITAL AS,NO0013483503
,COFACE,FR0010667147
,COFIDUR S.A.,FR0013257409
,COFLE,IT0005465619
,COGEFEED,IT0005618043
,COGRA,FR0011071570
,COHERIS,FR0004031763
,COIL,BE0160342011
,COLIPAYS,FR0010959684
,COM.TEL,IT0005632945
,COMER INDUSTRIES,IT0005246191
,COMPAGNIA DEI CARAIBI,IT0005453235
,COMPAGNIE CHARGEURS INVEST,FR0000130692
,CONDOR TECHNOLOGIES,BE6252013725
,Conduril-Engenharia,PTCDU0AE0003
,CONFINVEST,IT0005379604
,CONSORT NT,FR0000077828
,CONSTRUCTEURS BOIS,FR00140007I9
,CONTEXTVISION,SE0014731154
,CONVERGENZE,IT0005426215
,COPERNICO,IT0005379406
,CORBION,NL0010583399
,COREP LIGHTING,FR0010035816
,CORETECH 5,FR0013371507
,Corticeira Amorim-SGPS,PTCOR0AE0006
,COURBET,FR0004998318
,COURTOIS,FR0000065393
,CRCAM ALP.PROV.CCI,FR0000044323
,CRCAM ATL.VEND.CCI,FR0000185506
,CRCAM BRIE PIC2CCI,FR0010483768
,CRCAM ILLE-VIL.CCI,FR0000045213
,CRCAM LANGUED CCI,FR0010461053
,CRCAM LOIRE HAUTE LOIRE CCI,FR0000045239
,CRCAM MORBIHAN CCI,FR0000045551
,CRCAM NORD CCI,FR0000185514
,CRCAM NORM.SEINE,FR0000044364
,CRCAM PARIS ET IDF,FR0000045528
,CRCAM SUD R.A.CCI,FR0000045346
,CRCAM TOURAINE CCI,FR0000045304
,CREACTIVES GROUP,IT0005408593
,CROSSJECT,FR0011716265
,CROSSWOOD,FR0000050395
,CROWDFUNDME,IT0005353575
,CRYPTO BLOCKCHAIN INDUSTRIES,FR0014007LW0
,CSP INT IND CALZE,IT0001127874
,CTAC,NL0000345577
,"CTT-CORREIOS DE PORTUGAL, SA",PTCTT0AM0001
,CUBE LABS,IT0005532483
,CULTI MILANO,IT0005257347
,CUMULEX,BE0003463685
,CY4GATE,IT0005412504
,CYBEROO,IT0005546103
,CYVIZ AS,NO0010015175
,D.L.S.I.,FR0010404368
,DAMARIS,FR0000077885
,DAMARTEX,FR0000185423
,D'AMICO,LU2592315662
,DANIELI & C,IT0000076502
,DATALOGIC,IT0004053440
,DATRIX,IT0005468357
,DBA GROUP,IT0005285942
,DBT,FR001400LO86
,DBV TECHNOLOGIES,FR0010417345
,DECEUNINCK,BE0003789063
,DEDEM,IT0005659724
,DEEP VALUE DRILLER AS,NO0010955917
,DEEZER,FR001400AYG6
,DEKUPLE,FR0000062978
,DELFINGEN INDUSTRY,FR0000054132
,DELLIA GROUP,NO0012697095
,DELTA PLUS GROUP,FR0013283108
,DEODATO.GALLERY,IT0005528937
,DERICHEBOURG,FR0000053381
,DESERT CONTROL AS,NO0010963275
,DESTINATION ITALIA,IT0005454027
,DEVERNOIS,FR0000060840
,DEXELANCE,IT0005543480
,DHH,IT0005203622
,DIADEMA CAPITAL,IT0005605636
,DIAGNOSTIC MEDICAL SYSTEMS,FR0012202497
,DIGITAL BROS,IT0001469995
,DIGITAL VALUE,IT0005347429
,DIGITOUCH,IT0005089476
,DIRECTA SIM,IT0001463063
,DISTRIBUZIONE ELETTRICA ADRIATICA,IT0005600249
,DNO,NO0003921009
,DNXCORP,FR0010436584
,DOCK.PETR.AMBES AM,FR0000065260
,DOF GROUP ASA,NO0012851874
,DOLFINES,FR001400SP13
,DOLPHIN DRILLING AS,NO0013711739
,DONEGAL INVESTMENT GROUP PLC,IE000Y2HN3O9
,DONTNOD Entertainment,FR0013331212
,DOTSTAY,IT0005523839
,DOVALUE,IT0005610958
,DOXEE,IT0005394413
,DRONE VOLT,FR001400SVN0
,DYNAFOND,FR0000052920
,E.P.H.,IT0005623845
,E.T.S. Engineering and Technical Services,IT0005669558
,EAGLE FOOTBALL GROUP,FR0010428771
,EAM SOLAR AS,NO0013601245
,EASE2PAY NV,NL0000345627
,EAUX DE ROYAN,FR0007200100
,EAVS,FR0010536185
,EBUSCO HOLDING N.V.,NL0015002AG2
,ECOMEMBRANE,IT0005543332
,ECOMIAM SA,FR0013534617
,ECONOCOM GROUP,BE0974313455
,ECOSLOPS,FR0011490648
,ECOSUNTEK,IT0005654766
,EDGELAB,IT0005627762
,EDIL SAN FELICE,IT0005561441
,EDILIZIACROBATICA,IT0005351504
,EDITIONS DU SIGNE,FR0000052755
,EDUFORM'ACTION,FR0010882886
,EGIDE,FR0000072373
,E-GLOBE,IT0005557514
,EGOMNIA,IT0005586497
,EIDESVIK OFFSHORE,NO0010263023
,EKINOPS,FR0011466069
,EKOPAK NV,BE0974380124
,EL.EN.,IT0005453250
,ELEC.STRASBOURG,FR0000031023
,ELECTRICITE ET EAUX DE MADAGASCAR,FR0000035719
,ELECTROMAGNETIC GEOSERVICES,NO0010358484
,ELEKTROIMPORTØREN AS,NO0010911902
,ELES,IT0005373417
,ELICA,IT0003404214
,ELIOR GROUP,FR0011950732
,ELKEM,NO0010816093
,ELLIPTIC LABORATORIES ASA,NO0010722283
,ELMERA GROUP ASA,NO0010815673
,ELOPAK ASA,NO0011002586
,ELSA SOLUTIONS,IT0005561466
,EMAK,IT0001237053
,EMBENTION SISTEMAS INTELIGENTES SA,ES0105639001
,EMEIS,FR001400NLM4
,EMMA VILLAS,IT0005562183
,EMOVA GROUP,FR0013356755
,ENA (ex-S.I.F. ITALIA),IT0005468290
,ENAV,IT0005176406
,ENCRES DUBUIT,FR0004030708
,ENDÚR,NO0012555459
,ENENSYS,FR0013330792
,ENERGEIA AS,NO0013698431
,ENERGISME,FR0013399359
,ENERGY,IT0005500712
,ENERGY SOLAR TECH,ES0105687000
,ENERGY TIME,IT0005660219
,ENERGYVISION ,BE0974499312
,ENERTRONICA SANTERNO,IT0004887409
,ENERVIT,IT0004356751
,ENOGIA,FR0014004974
,E-NOVIA,IT0005391229
,ENSURGE MICROPOWER ASA,NO0013186460
,ENTECH,FR0014004362
,ENTRA,NO0010716418
,ENVIPCO,NL0015000GX8
,EO2,FR0010465534
,E-PANGO,FR0014004339
,EPRCOMUNICAZIONE,IT0005519837
,EQUASENS,FR0012882389
,EQUITA GROUP,IT0005312027
,EQVA ASA,NO0010708605
,ER CAPITAL N.V.,NL0010389508
,ERAMET,FR0000131757
,ERREDUE,IT0005521247
,ESAUTOMOTION,IT0005337107
,ESI,IT0005421885
,ESPE,IT0005573818
,ESPRINET,IT0003850929
,Estoril-Sol SGPS-Nominativas,PTESO0AM0000
,ESTRIMA,IT0005468191
,ETHERO,FR0010424697
,EUKEDOS,IT0004818297
,EURASIA GROUPE,FR0010844001
,EUROAPI SA,FR0014008VX5
,EUROBIO-SCIENTIFIC,FR0013240934
,EUROFINS CEREP,FR0013256518
,EUROGROUP LAMINATIONS,IT0005527616
,EUROLAND CORPORATE,FR0010157115
,EUROPACORP,FR0010490920
,European Medical Solutions,BE0974497290
,EUROPLASMA,FR0014011QJ8
,EUROPRIS,NO0010735343
,EUROTECH,IT0003895668
,EUTELSAT COMMUNIC.,FR0010221234
,EVISO,IT0005430936
,EVS BROADC.EQUIPM.,BE0003820371
,EXACOMPTA CLAIREFONTAINE,FR0000064164
,EXACT THERAPEUTICS,NO0010852213
,EXAIL TECHNOLOGIES,FR0000062671
,EXECUS,IT0005557530
,EXEL INDUSTRIES,FR0004527638
,EXMAR ord.,BE0003808251
,EXOSENS,FR001400Q9V2
,EXPERT.AI,IT0004496029
,EXPLOSIFS PROD.CHI,FR0014003AQ4
,FACEPHI,ES0105029005
,FAE TECHNOLOGY,IT0005500688
,FAGRON,BE0003874915
,FARMACOSMO,IT0005487670
,FARMINVESTE,PTFNV1AM0002
,FBD HOLDINGS PLC,IE0003290289
,FD,FR0012300424
,FERM.CASINO MUNICIPAL CANNES,FR0000062101
,FERMENTALG,FR0011271600
,FERRETTI,IT0005383291
,FIDIA,IT0005654683
,FIDUCIAL OFF.SOL.,FR0000061418
,FIDUCIAL REAL EST.,FR0000060535
,FIERA MILANO,IT0003365613
,FIGEAC AERO,FR0011665280
,FILA,IT0004967292
,FILL UP MEDIA S.A.,FR001400AEM6
,FINANCIERE MARJOS,FR0000060824
,FINANZA.TECH,IT0005475162
,FINAXO ENVIRONNEMENT,FR0010487272
,FINCANTIERI,IT0005599938
,FINE FOODS & PHARMACEUTICALS NTM,IT0005215329
,FIRST CAPITAL,IT0005252736
,FJORD DEFENCE GROUP ASA,NO0013647693
,FLEKKEFJORD SPAREB,NO0013209858
,FLEURY MICHON,FR0000074759
,FLEXDEAL,PTFXD0AM0018
,FLORENTAISE S.A.,FR001400GO75
,FLORIDIENNE,BE0974502347
,FLOWSPARKS,BE0003847648
,FLUXYS BELGIUM,BE0974265945
,FNAC DARTY,FR0011476928
,FNM,IT0000060886
,FNP TECHNOLOGIES SA,FR0013230067
,FONCIERE 7 INVEST,FR0000065930
,FONCIERE VINDI,FR0011605617
,FONCIERE VOLTA,FR0000053944
,FOPE,IT0005203424
,FORFARMERS,NL0011832811
,FORSEE POWER,FR0014005SB3
,FORVIA,FR0000121147
,FOUNTAIN,BE0003752665
,FOUNTAINE PAJOT,FR0010485268
,FRANCAISE ENERGIE,FR0013030152
,FRANCE TOURISME IMMOBILIER,FR0010823724
,FRANCHETTI,IT0005508574
,FRANCHI UMBERTO MARMI,IT0005335754
,FREELANCE.COM,FR0004187367
,FRENDY ENERGY,IT0004819857
,FSDV,FR0000031973
,FUGRO,NL00150003E1
,FUT.CLUBE PORTO,PTFCP0AM0008
,G.A.I.,FR0000053415
,G.M. LEATHER,IT0005498610
,GABETTI,IT0005023038
,gAIn360,IT0005672461
,GALAPAGOS,BE0003818359
,GALEO,FR0011100759
,GAMBERO ROSSO,IT0005122392
,GAROFALO HEALTH CARE,IT0005345233
,GAS PLUS,IT0004098510
,GASCOGNE,FR0000124414
,GAUMONT,FR0000034894
,GEA GRENOBL.ELECT.,FR0000053035
,GECI INTL,FR001400M1R1
,GEFRAN,IT0003203947
,GEL,IT0005312365
,GENERALFINANCE,IT0005144784
,GENFIT,FR0004163111
,GENOWAY,FR0004053510
,GENSIGHT BIOLOGICS,FR0013183985
,GENTIAN DIAGNOSTICS ASA,NO0010748866
,GENTILI MOSCONI,IT0005531261
,GENTLEMEN'S EQUITY SA,PTGVE1AE0009
,GEOX,IT0003697080
,GEVELOT,FR0000033888
,GIGANTE SALMON AS,NO0011013765
,GIGLIO.COM,IT0005453003
,GIMV,BE0003699130
,GIOCAMONDO STUDY,IT0005652489
,GISMONDI 1754,IT0005391138
,GL EVENTS,FR0000066672
,GLASS TO POWER S.P.A.,IT0005613739
,GLENVEAGH PROPERTIES PLC,IE00BD6JX574
,GLINT,PTPAD0AM0007
,GOLD BY GOLD,FR0011208693
,GOLDEN ENERGY OFFSHORE SERVICES ASA,NO0013228585
,GOODTECH,NO0004913609
,GPE GROUP PIZZORNO,FR0010214064
,GPI,IT0005221517
,GRAINES VOLTZ,FR0000065971
,GREAT WESTERN MINING CORPORATION PLC,IE000T78CHJ8
,GREEN EARTH GROUP N.V.,NL0009169515
,GREEN MINERALS AS,NO0010907744
,GREEN OLEO,IT0005549768
,GREENCOAT RENEWABLES PLC,IE00BF2NR112
,GRIEG SEAFOOD,NO0010365521
,GRIFAL,IT0005332595
,GROLLEAU,FR0014005ZM5
,GRONG SPAREBANK,NO0010636491
,GROUPE AIRWELL,FR0014003V77
,GROUPE CARNIVOR,FR0000076960
,GROUPE CRIT,FR0000036675
,GROUPE GUILLIN,FR0012819381
,GROUPE JAJ,FR0004010338
,GROUPE LDLC,FR0000075442
,GROUPE OKWIND,FR0013439627
,GROUPE PARTOUCHE,FR0012612646
,GROUPE PLUS-VALUES,FR0010529719
,GROUPE SFPI,FR0004155000
,GROUPE TERA,FR0013429404
,GROUPIMO,FR0014000RP6
,GROWENS,IT0005040354
,GT TALENT GROUP,IT0005607699
,GUERBET,FR0000032526
,GUILLEMOT,FR0000066722
,GVS,IT0005411209
,GYLDENDAL,NO0004288200
,HAFFNER ENERGY,FR0014007ND6
,HAIKI+,IT0005628778
,HAUGESUND SPB,NO0010764053
,HAULOTTE GROUP,FR0000066755
,HAV GROUP ASA,NO0010931918
,HAVAS,NL0015002K83
,HAVILA KYSTRUTEN AS,NO0013696799
,HAVILA SHIPPING,NO0010257728
,HAWICK DATA NV,NL0010556726
,HEALTH ITALIA,IT0005585861
,HELYX INDUSTRIES (ex Ulisse Biomed S.p.A.),IT0005451213
,HERIGE,FR0000066540
,HERMANA HOLDING ASA,NO0013401380
,HEXAGON COMPOSITES,NO0003067902
,HEXAGON PURUS ASA,NO0010904923
,HEXAOM,FR0004159473
,HF COMPANY,FR0000038531
,H-FARM,IT0004674666
,HIGH CO,FR0000054231
,HIGH QUALITY FOOD,IT0005450694
,HIPAY GROUP,FR0012821916
,HITECHPROS,FR0010396309
,HK,DE000A11Q133
,HOCHE BAINS L.BAIN,FR0000051302
,HOEGH AUTOLINERS ASA,NO0011082075
,HOFFMANN,FR0013451044
,HOFSETH BIOCARE,NO0010598683
,HØLAND OG SETSKOG,NO0010012636
,Holland Colours,NL0000440311
,HOME CONCEPT,FR0012336691
,HOPENING,FR0010312181
,HOPIUM,FR0014010QE1
,HOPSCOTCH GROUPE,FR0000065278
,HOT.MAJESTIC CANNE,FR0006226791
,HOTELES BESTPRICE,ES0105664009
,HOTELIM,FR0000053738
,HOTELS DE PARIS,FR0004165801
,HOTL.IMMOB.NICE,FR0006563904
,HUDDLESTOCK FINTECH,NO0010859648
,HUDDLY AS,NO0013470534
,HUNTER GROUP,NO0012953720
,HUNYVERS,FR0014007LQ2
,HYDRATEC Gewone aandelen,NL0009391242
,HYDRAULIQUE HOLDING,FR0000064735
,HYDRO-EXPLOIT.,FR0005843125
,HYDROGENE DE FRANCE,FR0014003VY4
,HYDROGENPRO ASA,NO0010892359
,HYDROGEN-REFUELING-SOLUTIONS,FR0014001PM5
,HYLORIS,BE0974363955
,HYNION AS,NO0010920945
,I GRANDI VIAGGI,IT0005108219
,I.CO.P.,IT0001214433
,I.M.D. INTERNATIONAL MEDICAL DEVICES,IT0005549255
,I2S,FR0005854700
,Ibersol-SGPS,PTIBS0AM0008
,ICAPE HOLDING,FR001400A3Q3
,ICELANDIC SALMON,NO0010724701
,ID LOGISTICS GROUP,FR0010929125
,IDEX BIOMETRICS,NO0013536078
,IDI,FR0000051393
,IDS,FR0000079691
,IEP INVEST,BE0003748622
,IKONISYS,FR00140048X2
,ILLA,IT0005578395
,ILPRA,IT0005359101
,IMALLIANCE,FR0010086371
,IMEON ENERGY,FR001400QW73
,IMM.PARIS.PERLE,FR0006859039
,IMMERSION,FR0013060100
,IMMOBEL,BE0003599108
,IMMSI,IT0001413837
,IMPIANTI,IT0005518953
,IMPLANET,FR0013470168
,"Impresa, SGPS - Nom.",PTIPR0AM0000
,IMPRIMERIE CHIRAT,FR0000065773
,IMPULSE FITNESS SOLUTIONS S.A.,ES0105590006
,INCLUSIO SA/NV,BE0974374069
,INDEL B,IT0005245508
,INDUCT,NO0010536048
,INDUSTRIE CHIMICHE FORESTALI,IT0005416281
,INDUSTRIE DE NORA,IT0005186371
,INFOCLIP,FR0011158823
,INFOTEL,FR0000071797
,INIFY LABORATORIES AB,SE0017486103
,ININ GROUP AS,NO0010864036
,INIZIATIVE BRESCIANE,IT0005037905
,INMOLECULE NANOTECH,ES0105908000
,INNATE PHARMA,FR0010331421
,INNELEC MULTIMEDIA,FR0000064297
,INNOVATEC,IT0005412298
,INNOVATIVE RFK SPA,IT0005391161
,INSTABANK,NO0010762792
,INSTALLUX,FR0000060451
,INTEGRAGEN,FR0010908723
,INTEGRATED WIND SOLUTIONS ASA,NO0013461350
,INTEGRITAS VIAGER S.A.,FR0014003FN0
,INTERCOS,IT0005455875
,INTERNATIONAL CARE COMPANY,IT0005469371
,INTEROIL EXPLORATION AND PRODUCTION,NO0013119255
,INTEXA,FR0000064958
,INTRASENSE,FR0011179886
,INTRED,IT0005337818
,INVENTIVA,FR0013233012
,INVIBES ADVERTISING N.V.,BE0974299316
,ION BEAM APPLICATIONS,BE0003766806
,IPSOS,FR0000073298
,IRCE,IT0001077780
,IRISH CONTINENTAL GROUP PLC,IE00BLP58571
,ISCC FINTECH,IT0005474108
,ISPD NETWORK,ES0109429037
,IT LINK,FR0000072597
,IT WAY,IT0003057624
,ITALIAN EXHIBITION GROUP,IT0003411417
,ITALIAN WINE BRANDS,IT0005075764
,ITALMOBILIARE,IT0005253205
,ITALY INNOVAZIONI,IT0005336521
,ITERA,NO0010001118
,IVECO GROUP,NL0015000LU4
,IVISION TECH,IT0005554784
,JACQUES BOGART,FR0012872141
,JACQUET METALS,FR0000033904
,JÆREN SPAREBANK,NO0010359433
,JENSEN-GROUP,BE0003858751
,JUVENTUS FC,IT0005572778
,KALDVIK AS,NO0010884794
,KALEON,IT0005678104
,KALRAY,FR0010722819
,KAUFMAN ET BROAD,FR0004007813
,KENDRION N.V.,NL0000852531
,KENMARE RESOURCES PLC,IE00BDC5DG00
,KERLINK,FR0013156007
,KEYRUS,FR0004029411
,Keyware Technologies,BE0003880979
,KID,NO0010743545
,KINEPOLIS GROUP,BE0974274061
,KITRON,NO0003079709
,KKO INTERNATIONAL,FR0013374667
,KLARSEN,FR0011038348
,KLAVENESS COMBINATION CARRIERS,NO0010833262
,KLEA HOLDING,FR0013481835
,KMC PROPERTIES ASA,NO0013637181
,KME GROUP,IT0004552359
,KOMPLETT ASA,NO0011016040
,KONGSBERG AUTOMOTIVE,NO0003033102
,Koninklijke BAM Groep N.V.,NL0000337319
,KONINKLIJKE PORCELEYNE FLES,NL0000378669
,KRAFT BANK ASA,NO0010815103
,KRUSO KAPITAL,IT0005573800
,KUMULUS VAPE,FR0013419876
,L.D.C.,FR001400SF56
,LABORATOIRES EUROMEDIS,FR0000075343
,LABORATORIO FARMACEUTICO ERFO,IT0005497885
,LACROIX GROUP,FR0000066607
,L'AGENCE AUTOMOBILIERE S.A.,FR0014005WE9
,LANDI RENZO,IT0005619843
,LANSON-BCC,FR0004027068
,LARGO,FR0013308582
,LATECOERE,FR001400JY13
,LAURENT-PERRIER,FR0006864484
,LAVIDE HOLDING,NL0010545679
,LEBON,FR0000121295
,LECTRA,FR0000065484
,LEMON SISTEMI,IT0005573438
,LEONE FILM GROUP,IT0004973696
,LEPERMISLIBRE S.A.,FR001400F2Z1
,LES HOTELS BAVEREZ,FR0007080254
,LEXIBOOK LINGUIST.,FR0000033599
,LHYFE S.A.,FR0014009YQ1
,LIFECARE ASA,NO0013355859
,LIGHTON,FR0013230950
,LINDBERGH,IT0005469272
,LINEDATA SERVICES,FR0004156297
,LINK MOBILITY GROUP HOLDING,NO0010894231
,LISI,FR0000050353
,LITIX,IT0005600801
,LLEIDA,ES0105089009
,LNA SANTE,FR0004170017
,LOCASYSTEM INTL,FR0004155208
,LOGIC INSTRUMENT,FR0000044943
,LOKOTECH GROUP AS,NO0010921299
,LOMBARD ET MEDOT,FR0006205019
,LONGINO&CARDENAL,IT0005337073
,LOUIS HACHETTE GROUP,FR001400TL40
,LUCIBEL,FR0014013HG9
,LUCISANO MEDIA GROUP,IT0004522162
,LUMI GRUPPEN AS,NO0010927288
,LUMIBIRD,FR0000038242
,LUVE,IT0005107492
,LYTIX BIOPHARMA AS,NO0010405780
,M VEST WATER AS,NO0010976343
,MAAT PHARMA,FR0012634822
,MACOMPTA.FR,FR001400NQB6
,MAGILLEM DESIGN SERVICES,FR0010827741
,MAGIS,IT0005525347
,MAGNORA,NO0010187032
,MAIRE,IT0004931058
,MAISON CLIO BLUE,FR0011092089
,MAISON POMMERY & ASSOCIES,FR0000062796
,MAISONS DU MONDE,FR0013153541
,MAKING SCIENCE GROUP S.A.,ES0105463006
,MALIN CORPORATION PLC,IE00BVGC3741
,MALTERIES FCO-BEL.,FR0000030074
,MANITOU BF,FR0000038606
,MAPS,IT0005364333
,MARE ENGINEERING GROUP,IT0005588626
,MARE NOSTRUM,FR0013400835
,MARIE BRIZARD WINE AND SPIRITS,FR0000060873
,MARKBASS,IT0005670960
,MARR,IT0003428445
,"Martifer, SGPS, SA",PTMFR0AM0003
,MARZOCCHI POMPE,IT0004376858
,MASI AGRICOLA,IT0004125677
,MÅSØVAL AS,NO0010974983
,MASTRAD,FR0004155687
,MATERIALISE NV,BE0974501331
,MATICA FINTEC,IT0005388449
,MATVAREEXPRESSEN AS,NO0013008664
,MAUNA KEA TECHNOLOGIES S.A.,FR0010609263
,MAUREL ET PROM,FR0000051070
,MAZARO,BE0974404361
,MEDIA 6,FR0000064404
,MEDIA CAPITAL,PTGMC0AM0003
,MEDIA LAB,IT0005324105
,MEDIAN TECHNOLOGIES,FR0011049824
,MEDINCELL S.A.,FR0004065605
,MEDISTIM,NO0010159684
,MEGLIOQUESTO,IT0005450173
,MELHUS SPAREBANK,NO0006001908
,MEMSCAP REGPT,FR0010298620
,MERSEN,FR0000039620
,MET.EXTRA GROUP,IT0005481855
,METAVISIO (THOMSON COMPUTING),FR00140066X4
,METHANOR,FR0011217710
,METRICS IN BALANCE,BE0974328602
,METRIKS AI,IT0005651481
,METROPOLE TV,FR0000053225
,MEVIM,IT0005586950
,MEXEDIA S.P.A,IT0005450819
,MFE B,NL0015001OJ9
,MG INTERNATIONAL,FR0010204453
,MGI DIGITAL GRAPHI,FR0010353888
,MIGUET ET ASSOCIES,FR0010500363
,MIKO,BE0003731453
,MILIBOO,FR0013053535
,MINCON GROUP PLC,IE00BD64C665
,MINT,FR0004172450
,MISITANO & STRACUZZI,IT0005603078
,MIT SIM,IT0005427510
,MKB Nedsense N.V.,NL0009312842
,MOLTIPLY GROUP,IT0004195308
,MON COURTIER ENERGIE GROUPE S.A.,FR001400H3A0
,MONCEY (FIN.) NOM.,FR001400SU99
,MONDADORI EDIT,IT0001469383
,MONDO TV,IT0001447785
,MONDO TV France,FR0014011ND8
,MONNALISA,IT0005338139
,MONUMENTAL RESIDENCE,PTMNN0AE0006
,MOPOLI,NL0000488153
,MORELD,NO0013325506
,MOTA ENGIL,PTMEN0AE0005
,MOULINVEST,FR0011033083
,MOURY CONSTRUCT,BE0003602134
,MPC CONTAINER SHIPS,NO0010791353
,MPC ENERGY SOLUTIONS N.V.,NL0015268814
,MR BRICOLAGE,FR0004034320
,MULTICONSULT,NO0010734338
,MUNIC,FR0013462231
,"MUTTER VENTURES, S.A.",ES0105697009
,MYHOTELMATCH,FR001400IE67
,NACON,FR0013482791
,NAMR,FR0014003J32
,NANOBIOTIX,FR0011341205
,NAPATECH,DK0060520450
,NAVAMEDIC,NO0010205966
,NEDAP,NL0000371243
,NEKKAR,NO0003049405
,NEL,NO0010081235
,NEODECORTECH,IT0005275778
,NEOLIFE,FR0011636083
,NEOSPERIENCE,IT0005497018
,NEOVACS,FR0014010856
,NETGEM,FR0004154060
,NETMEDIA GROUP,FR001400RF99
,NEUFCOUR-FIN.,BE0003680916
,NEURONES,FR0004050250
,NEUROSOFT,GRS802003004
,New Sources Energy N.V.,NL0009822014
,NEWPRINCES,IT0005385213
,NEWTREE,BE0003832491
,NEXITY,FR0010112524
,NEXT BIOMETRICS GROUP,NO0010629108
,NEXT GEOSOLUTIONS EUROPE,IT0005594418
,NEXTEDIA,FR0004171346
,NFL BIOSCIENCES S.A.,FR0014003XT0
,NICOX S.A.,FR0013018124
,NIDAROS SPAREBANK,NO0010733082
,NORAM DRILLING AS,NO0010360019
,NORBIT,NO0010856511
,NORCOD,NO0010892912
,NORCONSULT ASA,NO0013052209
,NORDHEALTH AS A-AKSJER,NO0011002651
,NORDIC AQUA PARTNERS AS,NO0012928805
,NORDIC FINANCIALS ASA,NO0013683409
,NORDIC HALIBUT AS,NO0003058109
,NORDIC MINING,NO0013162693
,NORDIC TECHNOLOGY GROUP AS,NO0011018434
,NORSE ATLANTIC ASA,NO0012885252
,NORSK TITANIUM AS,NO0010969108
,NORSKE SKOG,NO0010861115
,NORTEM BIOGROUP,ES0105719001
,North Atlantic Energies,FR0000120669
,NORTH ENERGY,NO0010550056
,NORWEGIAN AIR SHUTTLE,NO0010196140
,NORWEGIAN BLOCK EXCHANGE AS,NO0010984966
,NOS NOVA AS,NO0010917339
,"NOS, SGPS, SA",PTZON0AM0006
,NOTORIOUS PICTURES,IT0005025355
,"Novabase, SGPS - Nom.",PTNBA0AM0006
,NOVACYT,FR0010397232
,NOVAMARINE,IT0005605701
,NOVATECH IND.,FR0000185464
,NR 21,FR0014001PV6
,NRC GROUP,NO0003679102
,NRJ GROUP,FR0000121691
,NSC GROUPE,FR0000064529
,NSE,FR0004065639
,NUSCO,IT0005453110
,NX FILTRATION N.V.,NL0015000D50
,NYKODE THERAPEUTICS ASA,NO0010714785
,NYRSTAR,BE0974294267
,NYXOAH SA,BE0974358906
,OBIZ S.A.,FR0014003711
,OBSERVE MEDICAL,NO0013457952
,OCEAN GEOLOOP AS,NO0010914641
,OCEAN SUN,NO0010887565
,OCI,NL0010558797
,OCTOPUS BIOSAFETY,FR0013310281
,ODFJELL SER. A,NO0003399909
,ODIOT HOLDING,FR0014010DV3
,Odyssée Technologies S.A.,FR001400U4P9
,OENEO,FR0000052680
,OFFICINA STELLARE,IT0005374035
,OKEA,NO0010816895
,OLIDATA,IT0005634610
,OMDA AS,NO0010894512
,OMER,IT0005453748
,OMER-DECUGIS & CIE,FR0014003T71
,ONCODESIGN PRECISION MEDICINE,FR001400CM63
,Oncoinvent,NO0013711713
,ONE EXPERIENCE,FR0013266772
,ONLINEFORMAPRO,FR0004174712
,ONTEX GROUP,BE0974276082
,ONWARD MEDICAL,NL0015000HT4
,OPMOBILITY,FR0000124570
,OPS ECOM,IT0005122400
,OPS Italia (ex EEMS Italia),IT0005577868
,OPS RETAIL,IT0005545675
,OPTION,BE0974496284
,ORANGE BELGIUM,BE0003735496
,ORDISSIMO,FR0013318052
,OREGE,FR0010609206
,ORIGIN ENTERPRISES PLC,IE00B1WV4493
,ORSERO,IT0005138703
,OSAI AUTOMATION SYSTEM,IT0005424830
,OSE IMMUNOTHERAPEUTICS,FR0012127173
,OSMOSUN S.A.,FR001400IUV6
,OTELLO CORPORATION,NO0010040611
,OTOFARMA,IT0005663361
,OVH,FR0014005HJ9
,OVS,IT0005043507
,OXURION,BE0974487192
,PACTE NOVATION,FR0000077992
,PANORO ENERGY,NO0010564701
,PARETO BANK,NO0010397581
,PARROT,FR0004038263
,PARX MATERIALS NV,NL0012650535
,PASQUARELLI AUTO,IT0005546319
,PASSAT,FR0000038465
,PATTERN,IT0005378143
,PAULIC MEUNERIE,FR0013479730
,PB HOLDING N.V.,NL0000336303
,PCI BIOTECH HOLDING,NO0010405640
,PERMANENT TSB GROUP HOLDINGS PLC,IE00BWB8X525
,PERRIER (GERARD),FR0000061459
,PET SERVICE HOLDING N.V.,NL0015001HZ9
,PETROLIA,CY0102630916
,PETRONOR E&P ASA,NO0012942525
,PEUGEOT INVEST,FR0000064784
,PEXIP HOLDING,NO0010840507
,PHARMANUTRA,IT0005274094
,PHARMING GROUP,NL0010391025
,"PHarol, SGPS, SA",PTPTC0AM0009
,PHILOGEN,IT0005373789
,PHONE WEB,FR0000185480
,PHOTOCURE,NO0010000045
,PHOTONIKE CAPITAL,BE0948608451
,PIAGGIO,IT0003073266
,PIERRE VACANCES,FR0000073041
,PININFARINA SPA,IT0003056386
,PIQUADRO,IT0004240443
,PISCINES DESJOYAUX,FR0000061608
,Piu' Medical,IT0005676140
,PLACOPLATRE,FR0000030769
,PLANETEL,IT0005430951
,PLANISWARE,FR001400PFU4
,PLANT ADVANCED,FR0010785790
,PLAST.VAL LOIRE,FR0013252186
,PLASTICOS COMPUESTOS S.A. (KOMPUESTOS),ES0105425005
,PLC,IT0005339160
,PLUXEE,NL0015001W49
,POLARIS MEDIA,NO0010466022
,POLIGHT,NO0012535832
,POLIGRAFICI PRINTING,IT0004587470
,PORTO AVIATION GROUP,IT0005545238
,PORTOBELLO,IT0005337495
,POSTNL,NL0009739416
,POUJOULAT,FR0000066441
,POULAILLON,FR0013015583
,POWERSOFT,IT0005353815
,POXEL,FR0012432516
,POZZI MILANO,IT0005499949
,PREATONI GROUP,FR001400WXE7
,PRECIA,FR0014004EC4
,PREDICT,IT0005611071
,PREDILIFE,FR0010169920
,PRELUDE S.A.,FR0014011SJ4
,PREMIA FINANCE,IT0005442154
,PRISMAFLEX INTL,FR0004044600
,PROACTIS SA,FR0004052561
,PRODWAYS GROUP,FR0012613610
,PROLOGUE,FR0010380626
,PROMOTICA,IT0005425365
,PROPRIETE IMMEUBLES,FR0000061376
,PROSAFE,NO0010861990
,PROTECTOR FORSIKRING,NO0010209331
,PROXIMAR SEAFOOD AS,NO0010893902
,PROXIMUS,BE0003810273
,PRYME N.V.,NL0015002E73
,PUBLIC PROPERTY INVEST ASA,NO0013178616
,PULLUP ENTERTAINMENT,FR0012419307
,PYRUM INNOVATIONS AG,DE000A2G8ZX8
,QUADIENT S.A.,FR0000120560
,QUANTUM GENOMICS,FR0011648971
,QWAMPLIFY,FR0010889386
,RACING FORCE,IT0005466963
,RADICI,IT0005379737
,RAI WAY,IT0005054967
,RAIZE-INSTITUICAO DE PAGAMENTOS S.A.,PTRIZ0AM0009
,RAMADA INVESTIMENTOS E INDUSTRIA S.A.,PTFRV0AE0004
,RAMSAY GENERALE DE SANTE,FR0000044471
,RANA GRUBER ASA,NO0010907389
,RATTI,IT0004724107
,RCS MEDIAGROUP,IT0004931496
,REACH SUBSEA,NO0003117202
,REALCO,BE0003841583
,REALITES,FR0011858190
,REBIRTH ,IT0005460081
,REC SILICON,NO0010112675
,RECTICEL,BE0003656676
,REDELFI,IT0005496101
,REDFISH LONGTERM CAPITAL,IT0005549354
,REFUELS N.V.,NL0015001BF4
,REIBEL,BE0003829463
,REMYCOINTREAU,FR0000130395
,REN,PTREL0AM0008
,RENOVALO,IT0005500571
,RES,IT0005543613
,RETI,IT0005418204
,REVO INSURANCE,IT0005513202
,REWAY GROUP,IT0005528069
,REWORLD MEDIA,FR0010820274
,RIBA MUNDO TECNOLOGIA,ES0105724001
,RIBER,FR0000075954
,RINO PETINO,IT0005663429
,RISANAMENTO,IT0001402269
,RIVER TECH,MT0001710103
,ROBERTET,FR0000039091
,ROCHE BOBOIS,FR0013344173
,ROCKET SHARING COMPANY,IT0005481830
,ROCTOOL,FR0010523167
,ROGALAND SPAREBANK,NO0006001007
,ROMERIKE SPAREBK,NO0010808405
,ROMSDAL SPAREBANK,NO0010759988
,ROSETTI MARINO,IT0001017851
,ROUGIER S.A.,FR0000037640
,ROULARTA,BE0003741551
,RT&L,IT0005680373
,S.D. STANDARD ETC PLC,CY0101550917
,S.M.A.I.O.,FR0014005I80
,S.S. LAZIO,IT0003621783
,SABAF,IT0001042610
,SACCHERIA F.LLI FRANCESCHETTI,IT0005521551
,SAFE,FR001400ZU25
,SAFILO GROUP,IT0004604762
,SAGA PURE,NO0010572589
,SAINT JEAN GROUPE,FR0000060121
,SALMON EVOLUTION ASA,NO0010892094
,SALVATORE FERRAGAMO,IT0004712375
,SAMBA DIGITAL SGPS S.A.,PTDGL0AM0003
,SAMSE,FR0000060071
,SANLORENZO,IT0003549422
,SAPMER,FR0010776617
,SATS,NO0010863285
,SAVENCIA S.A.,FR0000120107
,SAVONNERIE NYONS,FR0013155975
,SBE-VARVIT,IT0005568461
,SCANA,NO0003053308
,SCATEC ASA,NO0010715139
,SCEMI,FR0010972091
,SCIENTIA SCHOOL S.A.,ES0105592002
,SCIUKER FRAMES,IT0005340051
,SECHE ENVIRONNEM.,FR0000039109
,SECO,IT0005438046
,SED ENERGY HOLDINGS PLC,CY0101162119
,SELCODIS,FR0000065492
,SELVAAG BOLIG,NO0010612450
,SEMAPA,PTSEM0AM0004
,SEMCO TECHNOLOGIES,FR0014010H01
,SENSORION,FR0012596468
,SENTIA,NO0013573014
,SENUS PLC,IE000O0F49R3
,SEQUA PETROLEUM NV,NL0010623518
,SEQUANA MEDICAL,BE0974340722
,SERGEFERRARI GROUP,FR0011950682
,SERI INDUSTRIAL,IT0005283640
,SESA,IT0004729759
,SG COMPANY,IT0005337172
,SHOWROOMPRIVE,FR0013006558
,SIAV,IT0005504128
,SICILY BY CAR,IT0005556581
,SIDETRADE,FR0010202606
,SIF HOLDING,NL0011660485
,SIGNAUX GIROD,FR0000060790
,SIMONE,IT0005573123
,SIPEF,BE0003898187
,SIRIUS MEDIA,FR0010812230
,SIT,IT0005262149
,SKANDIA GREENPOWER AS,NO0010931207
,SKUE SPAREBANK,NO0006001809
,Sligro Food Group N.V.,NL0000817179
,SMALTO,FR0011131788
,SMART CAPITAL,IT0005621070
,SMARTCRAFT ASA,NO0011008971
,SMARTOPTICS GROUP ASA,NO0011012502
,SMCP,FR0013214145
,SMTPC,FR0004016699
,SOC FRANC CASINOS,FR0010209809
,SOCIETA' EDITORIALE IL FATTO,IT0005353484
,SODITECH,FR0000078321
,SOFTIMAT,BE0003773877
,SOFTLAB,IT0001469953
,SOFTOX SOLUTIONS,NO0010811961
,SOGECLAIR,FR0000065864
,SOGEFI,IT0000076536
,SOGES GROUP,IT0005597411
,SOGN SPAREBANK,NO0006000603
,SOILTECH ASA,NO0010713571
,SOITEC,FR0013227113
,SOL,IT0001206769
,SOLID WORLD GROUP,IT0005497893
,SOLOCAL GROUP,FR001400SA10
,SOLSTAD MARITIME,NO0013135368
,SOLSTAD OFFSHORE,NO0003080608
,SOLUTIONS 30 SE,FR0013379484
,SOLUTIONS CAPITAL MANAGEMENT SIM,IT0005200248
,SOLVACNOM(RETAIL),BE0003545531
,SOMEC,IT0005329815
,SONAE,PTSON0AM0001
,"SONAECOM,SGPS",PTSNC0AM0006
,SONAGI,PTSNG0AM0007
,SOSTRAVEL.COM,IT0005338675
,SPADEL,BE0003798155
,SPARBNK 68 GR NORD,NO0010887110
,SPAREBANK 1 SMN,NO0006390301
,SPAREBANKEN MØRE,NO0012483207
,SPAREBANKEN ØST,NO0006222009
,SPAREBANKEN VEST,NO0006000900
,SPARTOO,FR00140043Y1
,SPBK 1 NORDMØRE,NO0010691660
,SPBK 1 ØSTLANDET,NO0010751910
,SPBK1 HELGELAND,NO0010029804
,SPBK1 NORD-NORGE,NO0006000801
,SPBK1 ØSTFOLD AKER,NO0010285562
,SPBK1 RINGERIKE,NO0006390400
,SPEED RABBIT PIZZA,FR0000054371
,SPINEGUARD,FR0011464452
,SPINEWAY,FR001400N2P2
,SPIR GROUP ASA,NO0012548819
,Sporting Clube de Braga,PTSCB0AM0001
,Sporting Clube de Portugal,PTSCP0AM0001
,ST DUPONT,FR0000054199
,STAINLESS TANKERS ASA,NO0012780958
,STAR7,IT0005466195
,STEF,FR0000064271
,STIF,FR001400MDW2
,STRADIM,FR0000074775
,STREAMWIDE,FR0010528059
,STREIT MECANIQUE,FR0000063976
,STRONGPOINT,NO0010098247
,SVAS BIOSANA,IT0005469264
,SWORD GROUP,FR0004180578
,SYNERGIE,FR0000032658
,SYS-DAT,IT0005595423
,TALEA GROUP,IT0005378333
,TAMBURI,IT0003153621
,TECHNOGYM,IT0005162406
,TECHNOPROBE,IT0005482333
,TECHSTEP,NO0012916131
,TECMA SOLUTIONS,IT0005425050
,TECNO,IT0005658841
,"Teixeira Duarte, SA",PTTD10AM0000
,TEKNA HOLDING ASA,NO0010951577
,TELESIA,IT0005240046
,TELEVISTA,FR0011076595
,TELMES,IT0005683401
,TENAX INTERNATIONAL,IT0005428898
,TERACT S.A.,FR001400BMH7
,TESMEC,IT0004585243
,TESSELLIS,IT0005496473
,TESSENDERLO GROUP,BE0003555639
,TEXAF,BE0974263924
,TF1,FR0000054900
,TFF GROUP,FR0013295789
,TGS ASA,NO0003078800
,THE AZUR SELECTION S.A.,GRS528003007
,THE ITALIAN SEA GROUP,IT0005439085
,THE KINGFISH COMPANY,NL00150001S5
,THEON INTERNATIONAL PLC,CY0200751713
,THERACLION,FR0010120402
,THERMADOR GROUPE,FR0013333432
,THOR MEDICAL ASA,NO0010597883
,THX PHARMA,FR0013286259
,TINC,BE0974282148
,TINEXTA,IT0005037210
,TITAN S.A.,BE0974338700
,TME PHARMA,NL0015000YE1
,TMP GROUP,IT0005531238
,TOMTOM,NL0013332471
,TONNER DRONES S.A.,FR001400H2X4
,TOOSLA,FR00140062B9
,TOSCANA AEROPORTI,IT0000214293
,TOUAX,FR0000033003
,Toyota Caetano,PTSCT0AP0018
,TPS,IT0005246142
,TRACTIAL (ex-BD MULTI MEDIA),FR0014014ZV8
,TRADELAB,IT0005651507
,TRANSGENE,FR0005175080
,TRANSITION EVERGREEN,FR0000035784
,TRAWELL CO,IT0005378325
,TRENDEVICE,IT0005422792
,TREVI FIN IND,IT0005422768
,TRIBOO,IT0005001554
,TRILOGIQ,FR0010397901
,TROC ILE,FR0000031106
,TRØNDELAG SPBK,NO0010788268
,TXCOM,FR0010654087
,TXT E-SOLUTIONS,IT0001454435
,U10 CORP,FR0000079147
,Ubaldi Costruzioni ,IT0005628158
,UBISOFT ENTERTAIN,FR0000054470
,UCAPITAL24,IT0005380461
,UMALIS GROUP,FR0011776889
,UNIDATA,IT0005573065
,UNION TECH.INFOR.,FR0000074197
,UNIPHAR PLC,IE00BJ5FQX74
,UPERGY,FR0010337865
,UV GERMI,FR0011898584
,VAA VISTA ALEGRE,PTVAA0AM0019
,VALBIOTIS,FR0013254851
,VALERIO THERAPEUTICS,FR0010095596
,VALICA,IT0005562514
,VALNEVA SE,FR0004056851
,VALSOIA,IT0001018362
,VALTECNE,IT0005532525
,VALUE8,NL0010661864
,VAN DE VELDE,BE0003839561
,VANTEA SMART,IT0005433765
,VANTIVA S.A.,FR0013505062
,VAZIVA SA,FR0014007T10
,VEIDEKKE,NO0005806802
,VENTE UNIQUE.COM,FR0010766667
,VEOM Group,FR0013530102
,VERGNET,FR0014010YR7
,VERIMATRIX,FR0010291245
,VETOQUINOL,FR0004186856
,VGP,BE0003878957
,VIALIFE,FR0010326090
,VICAT,FR0000031775
,VIEL ET COMPAGNIE,FR0000050049
,VIMI FASTENERS,IT0004717200
,VINEXT,IT0005652414
,VINPAI S.A.,FR001400AXT1
,VIOHALCO,BE0974271034
,VIRBAC,FR0000031577
,VIRIDIEN,FR001400PVN6
,VIRTUALWARE,ES0105704003
,VISTIN PHARMA,NO0010734122
,VIVENDA GROUP,IT0005622581
,VIVORYON THERAPEUTICS N.V.,NL00150002Q7
,VNE,IT0005556110
,VOGO,FR0011532225
,VOLTALIA,FR0011995588
,VOSS VEKSEL- OG LANDMANDSBANK,NO0003025009
,VOW,NO0010708068
,VOYAGEURS DU MONDE,FR0004045847
,Vusion,FR0010282822
,WAGA ENERGY,FR0012532810
,WALLIX,FR0010131409
,WAVESTONE,FR0013357621
,WE.CONNECT,FR0013079092
,WEACCESS GROUP,FR0010688465
,WEBSOLUTE,IT0005384901
,WEBSTEP,NO0010609662
,WEBUILD,IT0003865570
,WESTERN BULK CHARTERING AS,NO0010768096
,WEYA,FR0010768770
,WHAT'S COOKING GROUP,BE0003573814
,WHITESTONE GROUP,BE0974401334
,WIIT,IT0005440893
,WILH. WILHELMSEN HOLDING SER. A,NO0010571698
,WINAMP GROUP,BE0974334667
,WINFARM,FR0014000P11
,WITBE,FR0013143872
,WORLDLINE,FR0011981968
,XENIA HOTELLERIE SOLUTION,IT0005568487
,X-FAB SILICON FOUNDRIES SE,BE0974310428
,XILAM ANIMATION,FR0004034072
,XPLORA TECHNOLOGIES,NO0010895782
,YAKKYO,IT0005573966
,YOLO GROUP,IT0005495871
,YOUNITED FINANCIAL,LU2999653251
,ZALARIS,NO0010708910
,ZAPTEC ASA,NO0010713936
,ZELLUNA,NO0013524942
,ZEST,IT0005013013
,ZIGNAGO VETRO,IT0004171440
,ZUCCHI,IT0005395071
